EQUIPO,CÓDIGO_SUBSISTEMA
ALMIX,ALM-ROD-01 /RODAMIENTO
ALMIX,ALM-COR-02 /CORREA
ALMIX,ALM-EJ-03 /EJE
ALMIX,ALM-MOT-04 /MOTOR
ALMIX,ALM-BOM-05 /BOMBA
ALMIX,ALM-POL-06 /POLEA
ALMIX,ALM-SEL-07 /SELLO
ALMIX,ALM-PAN-08 /PANEL DE CONTROL
ALMIX,ALM-DIA-09 /BOMBA DE DIAFRAGMA
ALMIX,ALM-ELE-10 /SUMINISTRO ELÉCTRICO 
ALMIX,ALM-AIR-11 /AIRE COMPRIMIDO
ALMIX,ALM-GEN-12 /CAMBIO DE GENERADOR
DRINK,DRI-BTD-01 /BTD
DRINK,DRI-BOM-02 /BOMBA M2
DRINK,DRI-BOM-03 /BOMB M9
DRINK,DRI-CAU-04 /CAUDALIMETRO
DRINK,DRI-PLA-05 /PLACAS
DRINK,DRI-BOM-06 /BOMBA MULTIETAPA
DRINK,DRI-VAP-07 /SISTEMA DE VAPOR
DRINK,DRI-VAL-08 /VÁLVULAS
DRINK,DRI-PAN-09 /PANEL DE CONTROL
DRINK,DRI-ELE-10 /SUMINISTRO ELÉCTRICO 
DRINK,DRI-AIR-11 /AIRE COMPRIMIDO
FLEX,FLEX-TPO-01 /TPOP DISPLAY
FLEX,FLEX-TER-02 /TERMOCUPLAS
FLEX,FLEX-VAL-03 /VALVULA DE VAPOR
FLEX,FLEX-BTD-04 /BTD
FLEX,FLEX-BOM-05 /BOMBAS
FLEX,FLEX-SELL-06 /SELLOS
FLEX,FLEX-VAL-07 /VALVULAS DE DIAFRAGMA
FLEX,FLEX-VAR-08 /VARIADORES
FLEX,FLEX-PLC-09 /PLC
FLEX,FLEX-TUB-10 /INTERCAMBIADOR TUBULAR
FLEX,FLEX-PAN-11 /PANEL DE CONTROL
FLEX,FLEX-ELE-12 /SUMINISTRO ELÉCTRICO 
FLEX,FLEX-AIR-13 /AIRE COMPRIMIDO
FLEX,FLEX-GEN-14 /CAMBIO GENERADOR
A3FLEX,A3F-TPO-01 /TPOP DISPLAY
A3FLEX,A3F-ASE-01 /CAMARA ASEPTICA
A3FLEX,A3F-CAM-02 /CAMARA DE SECADO
A3FLEX,A3F-SELL-03 /SELLADO LONGITUDINAL
A3FLEX,A3F-SELL-24 /SELLADO TRANSVERSAL
A3FLEX,A3F-ELM-04 /ELEMENTO PARADA CORTA
A3FLEX,A3F-AIR-05 /SISTEMA AIRE ESTERIL
A3FLEX,A3F-LLE-06 /SISTEMA DE LLENADO
A3FLEX,A3F-PER-07 /SITEMA PEROXIDO
A3FLEX,A3F-SEG-08 /SISTEMA DE SEGURIDAD
A3FLEX,A3F-PAN-09 /PANEL DE CONTROL
A3FLEX,A3F-TRA-10 /TRANSPORTADORES
A3FLEX,A3F-SEG-11 /SISTEMA SEGURIDAD 
A3FLEX,A3F-HID-12 /SISTEMA HIDRAULICO
A3FLEX,A3F-TRA-13 /SISTEMA TRACCION
A3FLEX,A3F-MOR-14 /MORDAZAS
A3FLEX,A3F-CORT-15 /BRAZO DE CORTE
A3FLEX,A3F-PRE-16 /BRAZO DE PRESION
A3FLEX,A3F-COR-17 /CORREA ALIM PLEGADORA
A3FLEX,A3F-PULL-18 /PULL DOWN PLEGADORA
A3FLEX,A3F-PRE-19 /DISPOSITIVO PRENSOR
A3FLEX,A3F-REF-20 /SISTEMA REFRIGERACION
A3FLEX,A3F-MES-21 /MESA DE EMPALME
A3FLEX,A3F-APL-22 APLICADOR DE TIRA
A3FLEX,A3F-AIR-23 /AIRE COMPRIMIDO
A3FLEX,A3F-GEN-24 /CAMBIO GENERADOR
A3FLEX,A3F-ELE-25 SUMINISTRO ELÉCTRICO 
FW32,FW-TPO-01 /TPOP DISPLAY
FW32,FW-FRE-02 /UNIDAD FRENO DE ENTRADA
FW32,FW-AGR-03 /UNIDAD AGRUPADORA
FW32,FW-MAG-04 /MAGAZING DE BOBINAS
FW32,FW-SELL-05 /UNIDAD DE SELLADO
FW32,FW-TRA-06 /UNIDAD TRANSF TREEPACK
FW32,FW-TRAN-08 /TRANSPORTADORES
FW32,FW-PAN-09 /PANEL DE CONTROL
FW32,FW-AIR-10 /AIRE COMPRIMIDO
FW32,FW-ELE-11 /SUMINISTRO ELÉCTRICO 
FW32,FW-GEN-12 /CAMBIO GENERADOR
HELIX,HEL-TPO-01 /TPOP DISPLAY
HELIX,HEL-CAD-02 /CADENA ESLABONES
HELIX,HEL-MOT-03 /MOTOREDUCTOR
HELIX,HEL-ARA-04 /ARAÑA
HELIX,HEL-DIS-10 /DISPLAY
HELIX,HEL-PAN-09 /PANEL DE CONTROL
HELIX,HEL-TRA-10 /TRANSPORTADOES
HELIX,HEL-ELE-12 /SUMINISTRO ELÉCTRICO 
HELIX,HEL-AIR-13 /AIRE COMPRIMIDO
HELIX,HEL-GEN-14 /CAMBIO GENERADOR 
HELIX,HEL-COM-15 /COMPRESOR DE AIRE
CAP,CAP-TPO-01 /TPOPDISPLAY
CAP,CAP-FRE-02 /UNIDAD DE FRENO DE ENTRADA
CAP,CAP-APL-03 /APLICADOR DE TAPAS
CAP,CAP-NOR-04 /UNIDAD NORDSON
CAP,CAP-RUE-05 /UNIDAD APLICADORA TAPAS
CAP,CAP-TRA-06 /TRANSPORTADOR DE TAPAS
CAP,CAP-INY-07 /UNIDAD INYECCIO PEGA
CAP,CAP-CORR-08 /CORREA LINEA EMPAQUES
CAP,CAP-PAN-09 /PANEL DE CONTROL
CAP,TRANSPORTADORES
CAP,CAP-ELE-11 /SUMINISTRO ELÉCTRICO 
CAP,CAP-AIR-12 /AIRE COMPRIMIDO
CBP32,CBP-FRE-01 /UNIDAD FRENO DE ENTRADA
CBP32,CBP-FOR-02 /FORMACION DE PATRON
CBP32,CBP-AGR-03 /AGRUPADOR
CBP32,CBP-PLA-04 /PLACA DE TRANSFERENCIA
CBP32,CBP-EMP-05 /EMPUJADOR
CBP32,CBP-SEN-06 /SENSOR ULTRASONIDO
CBP32,CBP-CAD-07 /CADENA ARRASTRADORA
CBP32,CBP-TPO-08 /TPOP
CBP32,CBP-PAN-09 /PANEL DE CONTROL
CBP32,CBP-TRA-10 /TRANSPORTADORES
CBP32,CBP-NOR-11 /UNIDAD NORDSON
CBP32,CBP-AIR-12 /AIRE COMPRIMIDO
CBP32,CBP-MAG-13 / MAGAZINE DE CARTONES
CBP32,CBP-VEN-14 /VENTOSAS
CBP32,CBP-GRA-15 /UNIDAD WRAP
CBP32,CBP-SEN-16 /SENSOR BANDEJA
TAVIL,TAV-SEG-01 /BARRERAS DE SEGURIDAD
TAVIL,TAV-VAC-02 /PALET VACÍO 
TAVIL,TAV-LLE-03 /PALET LLENO
TAVIL,TAV-FLE-04 /FLEJADOR DE PALETAS
TAVIL,TAV-MOT-05 /MOTOREDUCTORES
TAVIL,TAV-GAR-06 /GUIAS/RODAMIENTOS GARRA
TAVIL,TAV-TRA-07 /TRANSPORTADOR BATERIA/LINEA
TAVIL,TAV-DIS-08 /DISPLAY
TAVIL,TAV-CON-09 /PANEL DE CONTROL
TAVIL, TAV-PAL-10 /TRANSPORTADOR DE PALETAS
TAVIL,TAV-ELE-11 /SUMINISTRO ELÉCTRICO 
TAVIL,TAV-AIR-12 /AIRE COMPRIMIDO
TAVIL,TAV-COM-13 /PERDIDA DE COMUNICACION
TAVIL,TAV-MOS-14 /AJUSTE COORDENADAS
TAVIL,TAV-GAR-15 /CORREA SERVO GARRA
DOMINO,DOM-ITM-01 /ITM
DOMINO,DOM-BOM-02 /BOMBA
DOMINO,DOM-BOQ-03 /BOQUILA
DOMINO,DOM-SEN-04 /SENSOR
DOMINO,DOM-CAB-05 /CABEZAL
DOMINO,DOM-PAN-06 /PANEL DE CONTROL
DOMINO,DOM-DIS-07 /DISPLAY
DOMINO,DOM-UPS-08 /UPS
DOMINO,DOM-CAB-09 /CABEZAL
DOMINO,DOM-ELE-10 /SUMINISTRO ELÉCTRICO 
DOMINO,DOM-AIR-11 /AIRE COMPRIMIDO
A3CFLEX,A3CF-TPO-01 /TPOP DISPLAY
A3CFLEX,A3CF-ASE-01 /CAMARA ASEPTICA
A3CFLEX,A3CF-CAM-02 /CAMARA DE SECADO
A3CFLEX,A3CF-SELL-03 /SELLADO LONGITUDINAL
A3CFLEX,A3CF-SELL-24 /SELLADO TRANSVERSAL
A3CFLEX,A3CF-ELM-04 /ELEMENT PARADA CORTA
A3CFLEX,A3CF-AIR-05 /SISTEMA AIRE ESTERIL
A3CFLEX,A3CF-LLE-06 /SISTEMA DE LLENADO
A3CFLEX,A3CF-PER-07 /SITEMA PEROXIDO
A3CFLEX,A3CF-SEG-08 /SISTEMA DE SEGURIDAD
A3CFLEX,A3CF-PAN-09 /PANEL DE CONTROL
A3CFLEX,A3CF-TRA-10 /TRANSPORTADORES
A3CFLEX,A3CF-SEG-11 /SISTEMA SEGURIDAD 
A3CFLEX,A3CF-HID-12 /SISTEMA HIDRAULICO
A3CFLEX,A3CF-TRA-13 /SISTEMA TRACCION
A3CFLEX,A3CF-MOR-14 /MORDAZAS
A3CFLEX,A3CF-CORT-15 /BRAZO DE CORTE
A3CFLEX,A3CF-PRE-16 /BRAZO DE PRESION
A3CFLEX,A3CF-COR-17 /CORREA ALIM PLEGADORA
A3CFLEX,A3CF-PULL-18 /PULL DOWN PLEGADORA
A3CFLEX,A3CF-PRE-19 /DISPOSITIVO PRENSOR
A3CFLEX,A3CF-REF-20 /SISTEMA REFRIGERACION
A3CFLEX,A3CF-MES-21 /MESA DE EMPALME
A3CFLEX,A3CF-APL-22 APLICADOR DE TIRA
A3CFLEX,A3CF-CON-23 /PANEL DE CONTROL
A3CFLEX,A3CF-TRA-24 /TRANSPORTADORES
A3CFLEX,A3CF-ELE-25 /SUMINISTRO ELÉCTRICO 
A3CFLEX,A3CF-AIR-26 /AIRE COMPRIMIDO
A3CFLEX,A3CF-HI-27/BAJO FLUJO HI
A3CFLEX,A3CF-HI-28 /BAJA TEMPERATURA HI
SA,SA-TPO-01 /TPOP DISPLAY
SA,SA-FRE-02 /UNIDAD FRENO ENTRADA
SA,SA-COR-03 /CORREA CARGA VERTICAL
SA,SA-NOR-04 /UNIDAD NORDSON
SA,SA-APL-05 /UNIDAD APLICADORA
SA,SA-PAN-06 /PANEL DE CONTROL
SA,SA-AIR-12 /AIRE COMPRIMIDO
SA,SA-TRANS-13 /TRANSPORTADOR ENTRADA
SA,SA-SER-14 /SERVOMOTOR
SA,SA-SEN-15 /SENSOR
PASTEURIZADOR,PAS-CON-01 /CONTROLADOR PIROMETRO
PASTEURIZADOR,PAS-BOM-02 /BOMBA AGUA CALIENTE
PASTEURIZADOR,PAS-PRO-03 /BOMBA DE PRODUCTO
PASTEURIZADOR,PAS-MAN-04 /MANIFOL VALVULAS
PASTEURIZADOR,PAS-REG-05 /VALVULA REGULADORA
PASTEURIZADOR,PAS-TAN-06 /TANQUE BALANZA
PASTEURIZADOR,PAS-PLA-07 /PLACAS INTERCAMBIADOR
PASTEURIZADOR,PAS-DIV-08 /VALVULA DIVERSORA
PASTEURIZADOR,PAS-VAL-09 /VALVULA DE VAPOR
PASTEURIZADOR,PAS-PAN-10 /PANEL DE CONTROL
PASTEURIZADOR,PAS-ELE-11 /SUMINISTRO ELÉCTRICO 
PASTEURIZADOR,PAS-AIR-12 /AIRE COMPRIMIDO
PASTEURIZADOR,PAS-FLU-13 /CONTADOR DE AGUA
BOMBA DE DIAFRAGMA ,BOM-MEN-01 /DISCOS MEMBRANAS
BOMBA DE DIAFRAGMA ,BOM-SELLO-02 /SELLOS VASTAGO
BOMBA DE DIAFRAGMA ,BOM-BLO-03 /BLOQUE NEUMATICO
BOMBA DE DIAFRAGMA ,BOM-ESF-04 /ESFERAS CHECK
BOMBA DE DIAFRAGMA ,BOMB-AIR-05 /AIRE COMPRIMIDO
BOMBA DE DIAFRAGMA ,BOM-GUI-06 /GUIA DE VASTAGO
BOMBA DE DIAFRAGMA NECTAR,BOM-MEN-01 /DISCOS MEMBRANAS
BOMBA DE DIAFRAGMA NECTAR,BOM-SELLO-02 /SELLOS VASTAGO
BOMBA DE DIAFRAGMA NECTAR,BOM-BLO-03 /BLOQUE NEUMATICO
BOMBA DE DIAFRAGMA NECTAR,BOM-ESF-04 /ESFERAS CHECK
BOMBA DE DIAFRAGMA NECTAR,BOMB-AIR-05 /AIRE COMPRIMIDO
BOMBA DE DIAFRAGMA NECTAR,BOM-GUI-06 /GUIA DE VASTAGO
DESPALETIZADOR ALUMINIO,DES-BOM-01 /BOMBA HIDRÁULICA 
DESPALETIZADOR ALUMINIO,DES-BOM-02 /CILINDRO HIDRÁULICO
DESPALETIZADOR ALUMINIO,DES-CAD-03 /CADENA ENTRADA DE PALETA
DESPALETIZADOR ALUMINIO,DES-MES-04 /MESA DE ELEVACION
DESPALETIZADOR ALUMINIO,DES-MAL-05 /MALLA MODULAR DE LATAS
DESPALETIZADOR ALUMINIO,DES-PAN-06 /PANEL DE CONTROL
DESPALETIZADOR ALUMINIO,DES-ELE-07 /SUMINISTRO ELÉCTRICO 
DESPALETIZADOR ALUMINIO,DES-AIR-08 /AIRE COMPRIMIDO
DESPALETIZADOR COLADOS,DES-MES-01 /MESA ENTRADA DE PALETAS
DESPALETIZADOR COLADOS,DES-MES-02 /MESA SALIDA DE PALETAS
DESPALETIZADOR COLADOS,DES-ACU-03 /ACUMULADOR DE PALETAS
DESPALETIZADOR COLADOS,DES-PAL-04 /PALPADOR DE CAMADA
DESPALETIZADOR COLADOS,DES-MES-05 /CARRO BARREDOR DE CAMADA
DESPALETIZADOR COLADOS,DES-PIN-06 /PINZA SUJETADORA
DESPALETIZADOR COLADOS,DESP-ELE-07 /CARRO DE ELEVACION
DESPALETIZADOR COLADOS,DESP-PAN-08 /PANEL DE CONTROL
DESPALETIZADOR COLADOS,DESP-DIS-09 /DISPLAY
DESPALETIZADOR COLADOS,DES-AIR-10 /AIRE COMPRIMIDO
DESPALETIZADOR COLADOS,DES-ELE-11 /SUMINISTRO ELÉCTRICO 
GUAYA TRANSPORTE,GUA-RED-01 /MOTOREDUCTOR
GUAYA TRANSPORTE,GUA-POL-02 /POLEAS
GUAYA TRANSPORTE,GUA-TRA-03 /TRANSPORTADOR GUAYA
GUAYA TRANSPORTE,GUA-BAR-04 /BARANDAS
GUAYA TRANSPORTE,GUA-PAN-05 /PANEL DE CONTROL
GUAYA TRANSPORTE,GUA-VOL-06 /BAJANTE-VOLTEADOR
LLENADORA ELMAR,LLE-DIS-01 /DISPLAY
LLENADORA ELMAR,LLE-MOT-02 /MOTOREDUCTOR TRASPORTADOR
LLENADORA ELMAR,LLE-SIN-03 /TORNILLO SINFIN
LLENADORA ELMAR,LLE-EST-04 /ESTRELLA ENTRADA
LLENADORA ELMAR,LLE-VAL-05 /VALVULAS DE LLENADO
LLENADORA ELMAR,LLE-PRO-06 /VALVULA DE PRODUCTO
LLENADORA ELMAR,LLE-PIS-07 /PISTONES
LLENADORA ELMAR,LLE-LEV-08 /LEVA DE APERTURA VALVULA
LLENADORA ELMAR,LLE-VOL-09 /SISTEMA AJUSTE VOLUMEN
LLENADORA ELMAR,LLE-TRA-010 /TRANSP ENTRADA-SALIDA
LLENADORA ELMAR,LLE-PAN-011 /PANEL DE CONTROL
LLENADORA ELMAR,LLE-ELE-12 /SUMINISTRO ELECTRICO
LLENADORA ELMAR,LLE-AIR-13 /AIRE COMPRIMIDO
SELLADORA ANGELUS,SELL-CAD-01 /CADENA AGRUPADORA
SELLADORA ANGELUS,SELL-BAJ-02 /BAJANTA DE TAPAS
SELLADORA ANGELUS,SELL-DOS-03 /DOSIFICADOR DE NITROGENO
SELLADORA ANGELUS,SELL-PLA-04 /PLATOS
SELLADORA ANGELUS,SELL-OPE-05 /OPERACIONES DE SELLADO
SELLADORA ANGELUS,SELL-DOS-06 /DOSIFICADOR DE TAPAS
SELLADORA ANGELUS,SELL-PAN-07 /PANEL DE CONTROL
SELLADORA ANGELUS,SELL-AIR-08 /AIRE COMPRIMIDO
SELLADORA ANGELUS,SELL-ELE-09 /SUMINISTRO ELECTRICO
SELLADORA ANGELUS,SELL-PIÑ-10 /PIÑON TRASMISION CADENA
VA Y VEN,VAY-MOT-01 /MOTOREDUCTOR
VA Y VEN,VAY-CAD-02 /CADENA TRANSPORTADOR
VA Y VEN,VAY-PIÑ-03 /PIÑON MOTRIZ
VA Y VEN,VAY-CON-04 /PIÑON CONDUCIDO
VA Y VEN,VAY-PAN-05 /PANEL DE CONTROL
VA Y VEN,VAY-ELE-06 /SUMINSTRO ELECTRICO
TUNEL,TUN-MOT-01 /MOTOREDUCTOR
TUNEL,TUN-MALL-02 /MALLA TUNEL
TUNEL,TUN-TRAS-03 /TRASNPORTADOR ENTRADA-SALIDA
TUNEL,TUN-BOM-04 /BOMBA ROCIADORES
TUNEL,TUN-BOM-05 /BOMBA RECIRCULACION
TUNEL,TUN-PAN-06 /PANEL DE CONTROL
TUNEL,TUN-DIS-07 /DISPLAY
TUNEL,TUN-ELE-08 /SUMINISTRO ELECTRICO
EMBALADORA GAMMA,EMB-DIS-01 /DISPLAY
EMBALADORA GAMMA,EMB-PAN-02 /PANEL DE CONTROL
EMBALADORA GAMMA,EMB-PRE-03 /ZONA PREFORMADO
EMBALADORA GAMMA,EMB-BAR-04 /BARRAS EMPUJADORAS
EMBALADORA GAMMA,EMB-SOL-05 /SOLDADOR
EMBALADORA GAMMA,EMB-MAG-06 /MAGAZING DE CARTONES
EMBALADORA GAMMA,EMB-CAD-07 /CADENA DE CARTONES
EMBALADORA GAMMA,EMB-VEN-08 /VENTOSAS DE VACIO
EMBALADORA GAMMA,EMB-DES-09 /SISTEMA DESBOBINADO
EMBALADORA GAMMA,EMB-PIR-10 /PIROMETRO
EMBALADORA GAMMA,EMB-AIR-11 /AIRE COMPRIMIDO
EMBALADORA GAMMA,EMB-ELE-12 /SUMINISTRO ELECTRICO
HORNO,HOR-RES-01 /RESISTENCIAS
HORNO,HOR-TUR-02 /TURBINA
HORNO,HOR-MOT-03 /MOTOREDUCTOR
HORNO,HOR-PIR-04 /PIROMETRO
HORNO,HOR-PAN-05 /PANEL DE CONTROL
HORNO,HOR-CAD-06 /CADENA HORNO
HORNO,HOR-VAR-07 /VARIADOR DE FRECUENCIA
TRANSPORTADORES,TRAN-EJE-01 /EJE MOTRIZ-CONDUCIDO
TRANSPORTADORES,TRAN-PIÑ-02 /PIÑON MOTRIZ-CONDUCIDO
TRANSPORTADORES,TRAN-CAD-03 /CADENA TABLETOP
TRANSPORTADORES,TRAN-CHU-04 /CHUMACERA
TRANSPORTADORES,TRAN-MOT-05 /MOTOREDUCTOR
TRANSPORTADORES,TRAN-VAR-06 /VARIADOR DE FRECUENCIA
TRANSPORTADORES,TRAN-PAN-07 /PANEL DE CONTROL
TRANSPORTADORES,TRAN-GUI-08 /GUIAS
TANQUE COCCION,TAN-MUL-01 /CONTROLADOR MULTICON
TANQUE COCCION,TAN-BOM-02 /BOMBA POSITIVA
TANQUE COCCION,TAN-VAL-03 /VALVULA DE VAPOR
TANQUE COCCION,TAN-INY-04 /INYECTORES DE VAPOR
TANQUE COCCION,TAN-MOT-05 /MOTOREDUCTOR-AGITADOR
TANQUE COCCION,TAN-TER-06 /TERMOCUPLA
TANQUE COCCION,TAN-VAL-07 /VALVULAS NEUMATICAS
TANQUE 6000,TAN-BOM-01 /BOMBA CENTRIFUGA
TANQUE 6000,TAN-POS-02 /BOMBA POSITIVA
TANQUE 6000,TAN-VAL-03 /VALVULAS CIERRE RAPIDO
PICKHEATER,PICK-MUL-01 /CONTROLADOR MULTICOM
PICKHEATER,PICK-VAL-02 /VALVULA MODULADORA  DE VAPOR
PICKHEATER,PICK-TER-03 /TERMOCUPLA
PICKHEATER,PICK-AIR-04 /AIRE COMPRIMIDO
PICKHEATER,PICK-VAL-05 /VALVULA DE COMPUERTA VAPOR
PICKHEATER,PICK-CON-06 /CONTROLADOR HONEYWELL
PICKHEATER,PICK-PAN-07 /PANEL DE CONTROL
PICKHEATER,PICK-PRE-08 /VALVULA REGULADORA DE PRESION
PICKHEATER,PICK-DIV-09 /VALVULA DIVERSORA
DESAIREADOR,DESA-CON-01 /CONTROLADOR DE VACIO
DESAIREADOR,DESA-POS-02 /BOMBA POSITIVA
DESAIREADOR,DESA-RED-03 /MOTOREDUCTOR
DESAIREADOR,DESA-PAN-07 /PANEL DE CONTROL
DESAIREADOR,DESA-VAL-08 /VALVULAS
DESAIREADOR,DESA-BOM-09 /BOMBA DE VACIO
BOMBA VACÍO,BOM-ROD-01 /RODAMIENTOS
BOMBA VACÍO,BOM-EJE-02 /EJE
BOMBA VACÍO,BOM-ACP-03 /ACOPLE
BOMBA VACÍO,BOM-MOT-04 /MOTOR
BOMBA VACÍO,BOM-SEL-05 /VALVULA SELENOIDE
BOMBA VACÍO,BOM-PAN-06 /PANEL DE CONTROL
RINSER,RIN-PAN-01 /PANEL DE CONTROL
RINSER,RIN-CAD-02 /CADENA DE CANGILONES
RINSER,RIN-MOT-03 /MOTOREDUCTOR
RINSER,RIN-SOP-04 /SOPLADOR
RINSER,RIN-VAC-05 /SITEMA DE VACIO
RINSER,RIN-TRAS-06 /TRANSPORTADORES
RINSER,RIN-CHU-07 /CHUMACERAS
RINSER,RIN-CLIP-08 /CLIPPER
RINSER,RIN-SEN-09 /SENSOR
TAPADORA WHITECAP,TAP-CORR-01 /CORREA DE CARGA VERTICAL
TAPADORA WHITECAP,TAP-CORR-02 /CORREAS LATERALES
TAPADORA WHITECAP,TAP-MOT-03 /MOTOREDUCTOR
TAPADORA WHITECAP,TAP-BAJ-04 /BAJANTE DE TAPAS
TAPADORA WHITECAP,TAP-VAL-05 /VALVULA REGULADORA DE VAPOR
TAPADORA WHITECAP,TAP-ROD-06 /RODILLOS DE GRAFITO
TAPADORA WHITECAP,TAP-TEN-07 /TENSORES DE RODILLOS
TAPADORA WHITECAP,TAP-PAN-08 /PANEL DE CONTROL
TAPADORA WHITECAP,TAP-VAR-09 /VARIADOR DE FRECUENCIA
TAPADORA WHITECAP,TAP-COM-10 /COMPRESOR DE AIRE
SOPLADOR,SOPL-TUR-01 /TURBINA
SOPLADOR,SOPL-MAN-02 /MANGUERAS 
SOPLADOR,SOPL-MOT-03 /MOTOR
SOPLADOR,SOPL-CAB-04 /CABEZALES DE SOPLADO
DETECTOR DE VACÍO,DET-DIS-01 /DIPLAY CONTROL
DETECTOR DE VACÍO,DET-SEN-02 /SENSOR
DETECTOR DE VACÍO,DET-DES-03 /DESCARTADOR DE ENVASES
DETECTOR DE VACÍO,DET-ELE-04 /ELECTROVALVULA
ETIQUETADORA,ETIQ-TOR-01 /TORNILLO SIN FIN
ETIQUETADORA,ETIQ-EST-02 /ESTRELLAS ENTRDA-SALIDA
ETIQUETADORA,ETIQ-TUL-03 /TULIPAS
ETIQUETADORA,ETIQ-PLA-04 /PLATOS
ETIQUETADORA,ETIQ-NOR-05 /UNIDAD NORDSON
ETIQUETADORA,ETIQ-PIS-06 /PISTOLAS DE PEGA
ETIQUETADORA,ETIQ-MAG-07 /MAGAZIN DE ETIQUETAS
ETIQUETADORA,ETIQ-AIR-08 /AIRE COMPRIMIDO
ETIQUETADORA,ETIQ-PAN-09 /PANEL DE CONTROL
ETIQUETADORA,ETIQ-TRAS-10 /TRANSPORTADORES
ETIQUETADORA,ETIQ-MOT-11 /MOTOREDUCTOR
ETIQUETADORA,ETIQ-COM-12 /COMPRESOR DE AIRE
TECMI,TEC-MAG-01 /MAGAZIN DE CARTON
TECMI,TEC-SOL-13 /SOLDADOR
TECMI,TEC-VEN-02 /VENTOSAS DE VACIO
TECMI,TEC-CAD-03 /CADENA DE CARTON
TECMI,TEC-COM-04 /SISTEMA DE COMPUERTAS
TECMI,TEC-BAR-05 /BARANDAS PRE FORMADO
TECMI,TEC-MES-06 /MESAS DE LONAS
TECMI,TEC-RAM-07 /RAMPA POLIETILENO
TECMI,TEC-ROD-08 /RODILLO DESBOBINADOR
TECMI,TEC-TRAS-09 /SISTEMA DE TRANSMISION
TECMI,TEC-DIS-10 /DIAPLAY
TECMI,TEC-PAN-11 /PANEL DE CONTROL
TECMI,TEC-AIR-12 /AIRE COMPRIMIDO
ROBOT MOTOMAN,ROB-TECH-01 /TEACH PENDANT
ROBOT MOTOMAN,ROB-TRAS-02 /TRANSPORTADOR
ROBOT MOTOMAN,ROB-GAR-03 /GARRA
ROBOT MOTOMAN,ROB-SEN-04 /SENSORES
ROBOT MOTOMAN,ROB-PAN-05 /PANEL DE CONTROL
ROBOT MOTOMAN,ROB-CAD-06 /TRANSPORTES DE PALETAS
ROBOT MOTOMAN,ROB-AIR-07 /AIRE COMPRIMIDO
ROBOT MOTOMAN,ROB-ELE-08 /ELECTROVALVULAS
ROBOT MOTOMAN,ROB-POL-09 /TOPE POLICIA
ROBOT MOTOMAN,ROB-SUM-10 /SUMINISTRO ELECTRICO
ROBOT MOTOMAN,ROB-COM-11 /COMPRESOR DE AIRE
EMBALADORA TECMI,TEC-MAG-01 /MAGAZIN DE CARTON
EMBALADORA TECMI,TEC-SOL-13 /SOLDADOR
EMBALADORA TECMI,TEC-VEN-02 /VENTOSAS DE VACIO
EMBALADORA TECMI,TEC-CAD-03 /CADENA DE CARTON
EMBALADORA TECMI,TEC-COM-04 /SISTEMA DE COMPUERTAS
EMBALADORA TECMI,TEC-BAR-05 /BARANDAS PRE FORMADO
EMBALADORA TECMI,TEC-MES-06 /MESAS DE LONAS
EMBALADORA TECMI,TEC-RAM-07 /RAMPA POLIETILENO
EMBALADORA TECMI,TEC-ROD-08 /RODILLO DESBOBINADOR
EMBALADORA TECMI,TEC-TRAS-09 /SISTEMA DE TRANSMISION
EMBALADORA TECMI,TEC-DIS-10 /DIAPLAY
EMBALADORA TECMI,TEC-PAN-11 /PANEL DE CONTROL
EMBALADORA TECMI,TEC-AIR-12 /AIRE COMPRIMIDO
EMBALADORA TECMI,TEC-COM-13 /COMPRESOR DE AIRE
ROBOT TAVIL,TAV-SEG-01 /BARRERAS DE SEGURIDAD
ROBOT TAVIL,TAV-VAC-02 /PALET VACÍO 
ROBOT TAVIL,TAV-LLE-03 /PALET LLENO
ROBOT TAVIL,TAV-FLE-04 /FLEJADOR DE PALETAS
ROBOT TAVIL,TAV-MOT-05 /MOTOREDUCTORES
ROBOT TAVIL,TAV-GAR-06 /GUIAS/RODAMIENTOS GARRA
ROBOT TAVIL,TAV-TRA-07 /TRANSPORTADOR BATERIA/LINEA
ROBOT TAVIL,TAV-DIS-08 /DISPLAY
ROBOT TAVIL,TAV-CON-09 /PANEL DE CONTROL
ROBOT TAVIL, TAV-PAL-10 /TRANSPORTADOR DE PALETAS
ROBOT TAVIL,TAV-ELE-11 /SUMINISTRO ELÉCTRICO 
ROBOT TAVIL,TAV-AIR-12 /AIRE COMPRIMIDO
ROBOT TAVIL,TAV-COM-13 /PERDIDA DE COMUNICACION
ROBOT TAVIL,TAV-MOS-14 /AJUSTE COORDENADAS
ROBOT TAVIL,TAV-TRA-14 /TRNASPORTADORES DE CAJAS
ROBOT TAVIL,TAV-TOP-15 /POLICIA TOPE DE PALETAS
ROBOT TAVIL,TAV-GAR-15 /CORREA SERVO GARRA
ALCIP,ALC-TPO-01 /TPOP DISPLAY
ALCIP,ALC-PLC-02 /PLC 
ALCIP,ALC-VAL-03 /VÁLVULAS 
ALCIP,ALC-PAN-04 /PANEL DE CONTROL 
ALCIP,ALC-TAN-05 /TANQUES
ALCIP,ALC-BOM-06 /BOMBAS
ALCIP,
ALCIP,
ALCIP,
ALCIP,
ALCIP,
ALCIP,